from,to,relation,evidence,confidence
src/index.ts,src/config.ts,loads configuration,loadConfig(process.env),high
src/index.ts,src/storage.ts,creates operational storage,"new SqliteStorage(config, logger)",high
src/index.ts,src/whatsapp.ts,creates WhatsApp adapter,"new WhatsAppConnection(config, storage, logger, redis)",high
src/index.ts,src/framework/application.ts,creates application framework,new ApplicationFramework(...),high
src/framework/application.ts,src/framework/plugin-manager.ts,delegates plugin lifecycle,this.plugins.loadAndInitialize/ready/unload,high
src/whatsapp.ts,src/storage.ts,persists credentials and bounded message cache,storage.loadCreds/saveCreds/saveMessages/getMessage,high
src/whatsapp.ts,src/upstash-redis.ts,uses optional cache,redis.cacheGet/cacheSet when enabled,high
src/framework/application.ts,src/whatsapp.ts,starts and closes transport,whatsapp.start/close,high
src/framework/application.ts,src/framework/command-registry.ts,module import,static import graph,high
src/framework/application.ts,src/framework/contracts.ts,module import,static import graph,high
src/framework/application.ts,src/framework/event-bus.ts,module import,static import graph,high
src/framework/application.ts,src/framework/middleware.ts,module import,static import graph,high
src/framework/application.ts,src/framework/plugin-manager.ts,module import,static import graph,high
src/framework/application.ts,src/framework/service-registry.ts,module import,static import graph,high
src/framework/command-copy.ts,src/framework/contracts.ts,module import,static import graph,high
src/framework/command-registry.ts,src/framework/contracts.ts,module import,static import graph,high
src/framework/command-registry.ts,src/framework/middleware.ts,module import,static import graph,high
src/framework/event-bus.ts,src/framework/contracts.ts,module import,static import graph,high
src/framework/middleware.ts,src/framework/contracts.ts,module import,static import graph,high
src/framework/middleware.ts,src/platform/validation.ts,module import,static import graph,high
src/framework/plugin-manager.ts,src/framework/contracts.ts,module import,static import graph,high
src/framework/plugins/afk.ts,src/framework/contracts.ts,module import,static import graph,high
src/framework/plugins/afk.ts,src/platform/validation.ts,module import,static import graph,high
src/framework/plugins/afk.ts,src/services/afk-service.ts,module import,static import graph,high
src/framework/plugins/afk.ts,src/services/group-configuration-service.ts,module import,static import graph,high
src/framework/plugins/ai.ts,src/ai-handler.ts,module import,static import graph,high
src/framework/plugins/ai.ts,src/framework/contracts.ts,module import,static import graph,high
src/framework/plugins/announcement.ts,src/framework/contracts.ts,module import,static import graph,high
src/framework/plugins/announcement.ts,src/platform/validation.ts,module import,static import graph,high
src/framework/plugins/announcement.ts,src/services/announcement-service.ts,module import,static import graph,high
src/framework/plugins/canon.ts,src/framework/contracts.ts,module import,static import graph,high
src/framework/plugins/canon.ts,src/permissions.ts,module import,static import graph,high
src/framework/plugins/canon.ts,src/platform/validation.ts,module import,static import graph,high
src/framework/plugins/canon.ts,src/services/canon-service.ts,module import,static import graph,high
src/framework/plugins/character.ts,src/framework/contracts.ts,module import,static import graph,high
src/framework/plugins/character.ts,src/platform/validation.ts,module import,static import graph,high
src/framework/plugins/character.ts,src/services/character-service.ts,module import,static import graph,high
src/framework/plugins/codebase.ts,src/framework/contracts.ts,module import,static import graph,high
src/framework/plugins/codebase.ts,src/permissions.ts,module import,static import graph,high
src/framework/plugins/collaboration.ts,src/framework/contracts.ts,module import,static import graph,high
src/framework/plugins/collaboration.ts,src/permissions.ts,module import,static import graph,high
src/framework/plugins/collaboration.ts,src/platform/validation.ts,module import,static import graph,high
src/framework/plugins/collaboration.ts,src/services/collaboration-service.ts,module import,static import graph,high
src/framework/plugins/developer-mode.ts,src/framework/contracts.ts,module import,static import graph,high
src/framework/plugins/developer-mode.ts,src/permissions.ts,module import,static import graph,high
src/framework/plugins/developer-mode.ts,src/services/developer-mode-service.ts,module import,static import graph,high
src/framework/plugins/diagnostics.ts,src/framework/contracts.ts,module import,static import graph,high
src/framework/plugins/diagnostics.ts,src/platform/validation.ts,module import,static import graph,high
src/framework/plugins/event.ts,src/framework/contracts.ts,module import,static import graph,high
src/framework/plugins/event.ts,src/platform/validation.ts,module import,static import graph,high
src/framework/plugins/event.ts,src/services/event-service.ts,module import,static import graph,high
src/framework/plugins/group-governance.ts,src/framework/contracts.ts,module import,static import graph,high
src/framework/plugins/group-governance.ts,src/permissions.ts,module import,static import graph,high
src/framework/plugins/group-governance.ts,src/platform/validation.ts,module import,static import graph,high
src/framework/plugins/group-governance.ts,src/services/group-governance-service.ts,module import,static import graph,high
src/framework/plugins/group-moderation.ts,src/framework/contracts.ts,module import,static import graph,high
src/framework/plugins/group-moderation.ts,src/permissions.ts,module import,static import graph,high
src/framework/plugins/group-moderation.ts,src/platform/validation.ts,module import,static import graph,high
src/framework/plugins/group-moderation.ts,src/services/group-moderation-service.ts,module import,static import graph,high
src/framework/plugins/group-safety.ts,src/framework/contracts.ts,module import,static import graph,high
src/framework/plugins/group-safety.ts,src/permissions.ts,module import,static import graph,high
src/framework/plugins/group-safety.ts,src/platform/validation.ts,module import,static import graph,high
src/framework/plugins/group-safety.ts,src/services/group-safety-service.ts,module import,static import graph,high
src/framework/plugins/group-setup-mission.ts,src/framework/contracts.ts,module import,static import graph,high
src/framework/plugins/group-setup-mission.ts,src/platform/group-setup.ts,module import,static import graph,high
src/framework/plugins/group-setup-mission.ts,src/platform/mission.ts,module import,static import graph,high
src/framework/plugins/group-setup-mission.ts,src/platform/validation.ts,module import,static import graph,high
src/framework/plugins/group-setup-mission.ts,src/services/group-configuration-service.ts,module import,static import graph,high
src/framework/plugins/group.ts,src/framework/contracts.ts,module import,static import graph,high
src/framework/plugins/group.ts,src/permissions.ts,module import,static import graph,high
src/framework/plugins/group.ts,src/platform/validation.ts,module import,static import graph,high
src/framework/plugins/group.ts,src/services/group-configuration-service.ts,module import,static import graph,high
src/framework/plugins/knowledge.ts,src/framework/contracts.ts,module import,static import graph,high
src/framework/plugins/knowledge.ts,src/permissions.ts,module import,static import graph,high
src/framework/plugins/knowledge.ts,src/platform/validation.ts,module import,static import graph,high
src/framework/plugins/knowledge.ts,src/services/knowledge-service.ts,module import,static import graph,high
src/framework/plugins/media.ts,src/framework/contracts.ts,module import,static import graph,high
src/framework/plugins/media.ts,src/media.ts,module import,static import graph,high
src/framework/plugins/menu.ts,src/framework/command-copy.ts,module import,static import graph,high
src/framework/plugins/menu.ts,src/framework/contracts.ts,module import,static import graph,high
src/framework/plugins/menu.ts,src/platform/buttons.ts,module import,static import graph,high
src/framework/plugins/menu.ts,src/platform/interaction.ts,module import,static import graph,high
src/framework/plugins/menu.ts,src/services/developer-mode-service.ts,module import,static import graph,high
src/framework/plugins/neon-chat-log.ts,src/config.ts,module import,static import graph,high
src/framework/plugins/neon-chat-log.ts,src/framework/contracts.ts,module import,static import graph,high
src/framework/plugins/neon-chat-log.ts,src/neon-chat-log-writer.ts,module import,static import graph,high
src/framework/plugins/neon-chat-log.ts,src/neon-client.ts,module import,static import graph,high
src/framework/plugins/neon-chat-log.ts,src/permissions.ts,module import,static import graph,high
src/framework/plugins/neon-chat-log.ts,src/platform/validation.ts,module import,static import graph,high
src/framework/plugins/neon-chat-log.ts,src/services/platform-guardrail-service.ts,module import,static import graph,high
src/framework/plugins/onboarding.ts,src/framework/contracts.ts,module import,static import graph,high
src/framework/plugins/onboarding.ts,src/platform/validation.ts,module import,static import graph,high
src/framework/plugins/onboarding.ts,src/services/onboarding-service.ts,module import,static import graph,high
src/framework/plugins/personalization.ts,src/framework/contracts.ts,module import,static import graph,high
src/framework/plugins/personalization.ts,src/permissions.ts,module import,static import graph,high
src/framework/plugins/personalization.ts,src/platform/validation.ts,module import,static import graph,high
src/framework/plugins/personalization.ts,src/services/personalization-service.ts,module import,static import graph,high
src/framework/plugins/scene.ts,src/framework/contracts.ts,module import,static import graph,high
src/framework/plugins/scene.ts,src/permissions.ts,module import,static import graph,high
src/framework/plugins/scene.ts,src/platform/validation.ts,module import,static import graph,high
src/framework/plugins/scene.ts,src/services/scene-service.ts,module import,static import graph,high
src/framework/plugins/suggestion-relay.ts,src/framework/contracts.ts,module import,static import graph,high
src/framework/plugins/suggestion-relay.ts,src/platform/validation.ts,module import,static import graph,high
src/framework/plugins/suggestion-relay.ts,src/services/suggestion-relay-service.ts,module import,static import graph,high
src/framework/plugins/technical.ts,src/framework/contracts.ts,module import,static import graph,high
src/framework/plugins/technical.ts,src/permissions.ts,module import,static import graph,high
src/framework/plugins/technical.ts,src/platform/validation.ts,module import,static import graph,high
src/framework/plugins/utility-fun.ts,src/framework/contracts.ts,module import,static import graph,high
src/framework/plugins/utility.ts,src/framework/command-copy.ts,module import,static import graph,high
src/framework/plugins/utility.ts,src/framework/contracts.ts,module import,static import graph,high
src/framework/plugins/utility.ts,src/framework/plugins/utility-fun.ts,module import,static import graph,high
src/framework/plugins/welcome-leave.ts,src/framework/contracts.ts,module import,static import graph,high
src/framework/plugins/welcome-leave.ts,src/services/group-configuration-service.ts,module import,static import graph,high
src/framework/service-registry.ts,src/framework/contracts.ts,module import,static import graph,high
src/index.ts,src/ai-handler.ts,module import,static import graph,high
src/index.ts,src/config.ts,module import,static import graph,high
src/index.ts,src/errors.ts,module import,static import graph,high
src/index.ts,src/framework/application.ts,module import,static import graph,high
src/index.ts,src/framework/plugins/afk.ts,module import,static import graph,high
src/index.ts,src/framework/plugins/ai.ts,module import,static import graph,high
src/index.ts,src/framework/plugins/announcement.ts,module import,static import graph,high
src/index.ts,src/framework/plugins/canon.ts,module import,static import graph,high
src/index.ts,src/framework/plugins/character.ts,module import,static import graph,high
src/index.ts,src/framework/plugins/codebase.ts,module import,static import graph,high
src/index.ts,src/framework/plugins/collaboration.ts,module import,static import graph,high
src/index.ts,src/framework/plugins/developer-mode.ts,module import,static import graph,high
src/index.ts,src/framework/plugins/diagnostics.ts,module import,static import graph,high
src/index.ts,src/framework/plugins/event.ts,module import,static import graph,high
src/index.ts,src/framework/plugins/group-governance.ts,module import,static import graph,high
src/index.ts,src/framework/plugins/group-moderation.ts,module import,static import graph,high
src/index.ts,src/framework/plugins/group-safety.ts,module import,static import graph,high
src/index.ts,src/framework/plugins/group-setup-mission.ts,module import,static import graph,high
src/index.ts,src/framework/plugins/group.ts,module import,static import graph,high
src/index.ts,src/framework/plugins/knowledge.ts,module import,static import graph,high
src/index.ts,src/framework/plugins/media.ts,module import,static import graph,high
src/index.ts,src/framework/plugins/menu.ts,module import,static import graph,high
src/index.ts,src/framework/plugins/neon-chat-log.ts,module import,static import graph,high
src/index.ts,src/framework/plugins/onboarding.ts,module import,static import graph,high
src/index.ts,src/framework/plugins/personalization.ts,module import,static import graph,high
src/index.ts,src/framework/plugins/scene.ts,module import,static import graph,high
src/index.ts,src/framework/plugins/suggestion-relay.ts,module import,static import graph,high
src/index.ts,src/framework/plugins/technical.ts,module import,static import graph,high
src/index.ts,src/framework/plugins/utility.ts,module import,static import graph,high
src/index.ts,src/framework/plugins/welcome-leave.ts,module import,static import graph,high
src/index.ts,src/lifecycle.ts,module import,static import graph,high
src/index.ts,src/logger.ts,module import,static import graph,high
src/index.ts,src/neon-client.ts,module import,static import graph,high
src/index.ts,src/permissions.ts,module import,static import graph,high
src/index.ts,src/platform/validation.ts,module import,static import graph,high
src/index.ts,src/services/afk-service.ts,module import,static import graph,high
src/index.ts,src/services/announcement-service.ts,module import,static import graph,high
src/index.ts,src/services/canon-service.ts,module import,static import graph,high
src/index.ts,src/services/character-service.ts,module import,static import graph,high
src/index.ts,src/services/collaboration-service.ts,module import,static import graph,high
src/index.ts,src/services/developer-mode-service.ts,module import,static import graph,high
src/index.ts,src/services/event-service.ts,module import,static import graph,high
src/index.ts,src/services/group-configuration-service.ts,module import,static import graph,high
src/index.ts,src/services/group-governance-service.ts,module import,static import graph,high
src/index.ts,src/services/group-moderation-service.ts,module import,static import graph,high
src/index.ts,src/services/group-safety-service.ts,module import,static import graph,high
src/index.ts,src/services/knowledge-service.ts,module import,static import graph,high
src/index.ts,src/services/onboarding-service.ts,module import,static import graph,high
src/index.ts,src/services/personalization-service.ts,module import,static import graph,high
src/index.ts,src/services/platform-guardrail-service.ts,module import,static import graph,high
src/index.ts,src/services/scene-service.ts,module import,static import graph,high
src/index.ts,src/services/suggestion-relay-service.ts,module import,static import graph,high
src/index.ts,src/storage.ts,module import,static import graph,high
src/index.ts,src/upstash-redis.ts,module import,static import graph,high
src/index.ts,src/whatsapp.ts,module import,static import graph,high
src/lifecycle.ts,src/config.ts,module import,static import graph,high
src/lifecycle.ts,src/errors.ts,module import,static import graph,high
src/lifecycle.ts,src/framework/application.ts,module import,static import graph,high
src/lifecycle.ts,src/logger.ts,module import,static import graph,high
src/lifecycle.ts,src/storage.ts,module import,static import graph,high
src/lifecycle.ts,src/whatsapp.ts,module import,static import graph,high
src/logger.ts,src/config.ts,module import,static import graph,high
src/media.ts,src/framework/contracts.ts,module import,static import graph,high
src/neon-chat-log-writer.ts,src/framework/contracts.ts,module import,static import graph,high
src/neon-client.ts,src/framework/contracts.ts,module import,static import graph,high
src/permissions.ts,src/framework/contracts.ts,module import,static import graph,high
src/permissions.ts,src/platform/validation.ts,module import,static import graph,high
src/permissions.ts,src/services/developer-mode-service.ts,module import,static import graph,high
src/platform/buttons.ts,src/platform/contracts.ts,module import,static import graph,high
src/platform/events.ts,src/platform/contracts.ts,module import,static import graph,high
src/platform/feature-registry.ts,src/platform/contracts.ts,module import,static import graph,high
src/platform/framework-adapter.ts,src/framework/contracts.ts,module import,static import graph,high
src/platform/framework-adapter.ts,src/platform/contracts.ts,module import,static import graph,high
src/platform/group-setup.ts,src/platform/mission.ts,module import,static import graph,high
src/platform/guardrails.ts,src/platform/validation.ts,module import,static import graph,high
src/platform/interaction.ts,src/platform/contracts.ts,module import,static import graph,high
src/platform/kernel.ts,src/platform/contracts.ts,module import,static import graph,high
src/platform/kernel.ts,src/platform/events.ts,module import,static import graph,high
src/platform/kernel.ts,src/platform/feature-registry.ts,module import,static import graph,high
src/platform/kernel.ts,src/platform/interaction.ts,module import,static import graph,high
src/platform/kernel.ts,src/platform/lifecycle.ts,module import,static import graph,high
src/platform/kernel.ts,src/platform/permission.ts,module import,static import graph,high
src/platform/lifecycle.ts,src/platform/contracts.ts,module import,static import graph,high
src/platform/mission.ts,src/platform/contracts.ts,module import,static import graph,high
src/platform/operations.ts,src/platform/contracts.ts,module import,static import graph,high
src/platform/permission.ts,src/platform/contracts.ts,module import,static import graph,high
src/platform/sessions.ts,src/platform/contracts.ts,module import,static import graph,high
src/postgres-monitor.ts,src/postgres-verifier.ts,module import,static import graph,high
src/services/afk-service.ts,src/framework/contracts.ts,module import,static import graph,high
src/services/announcement-service.ts,src/framework/contracts.ts,module import,static import graph,high
src/services/announcement-service.ts,src/platform/operations.ts,module import,static import graph,high
src/services/announcement-service.ts,src/platform/validation.ts,module import,static import graph,high
src/services/announcement-service.ts,src/services/personalization-service.ts,module import,static import graph,high
src/services/announcement-service.ts,src/services/platform-guardrail-service.ts,module import,static import graph,high
src/services/canon-service.ts,src/framework/contracts.ts,module import,static import graph,high
src/services/canon-service.ts,src/platform/validation.ts,module import,static import graph,high
src/services/canon-service.ts,src/services/knowledge-service.ts,module import,static import graph,high
src/services/canon-service.ts,src/services/platform-guardrail-service.ts,module import,static import graph,high
src/services/character-service.ts,src/framework/contracts.ts,module import,static import graph,high
src/services/character-service.ts,src/platform/validation.ts,module import,static import graph,high
src/services/character-service.ts,src/services/platform-guardrail-service.ts,module import,static import graph,high
src/services/collaboration-service.ts,src/framework/contracts.ts,module import,static import graph,high
src/services/collaboration-service.ts,src/platform/operations.ts,module import,static import graph,high
src/services/collaboration-service.ts,src/platform/validation.ts,module import,static import graph,high
src/services/collaboration-service.ts,src/services/personalization-service.ts,module import,static import graph,high
src/services/collaboration-service.ts,src/services/platform-guardrail-service.ts,module import,static import graph,high
src/services/developer-mode-service.ts,src/framework/contracts.ts,module import,static import graph,high
src/services/event-service.ts,src/framework/contracts.ts,module import,static import graph,high
src/services/event-service.ts,src/platform/operations.ts,module import,static import graph,high
src/services/event-service.ts,src/platform/validation.ts,module import,static import graph,high
src/services/event-service.ts,src/services/collaboration-service.ts,module import,static import graph,high
src/services/event-service.ts,src/services/personalization-service.ts,module import,static import graph,high
src/services/event-service.ts,src/services/platform-guardrail-service.ts,module import,static import graph,high
src/services/group-configuration-service.ts,src/framework/contracts.ts,module import,static import graph,high
src/services/group-governance-service.ts,src/framework/contracts.ts,module import,static import graph,high
src/services/group-governance-service.ts,src/platform/operations.ts,module import,static import graph,high
src/services/group-governance-service.ts,src/platform/validation.ts,module import,static import graph,high
src/services/group-governance-service.ts,src/services/platform-guardrail-service.ts,module import,static import graph,high
src/services/group-moderation-service.ts,src/framework/contracts.ts,module import,static import graph,high
src/services/group-moderation-service.ts,src/platform/contracts.ts,module import,static import graph,high
src/services/group-moderation-service.ts,src/platform/operations.ts,module import,static import graph,high
src/services/group-moderation-service.ts,src/platform/validation.ts,module import,static import graph,high
src/services/group-moderation-service.ts,src/services/platform-guardrail-service.ts,module import,static import graph,high
src/services/group-safety-service.ts,src/framework/contracts.ts,module import,static import graph,high
src/services/group-safety-service.ts,src/platform/validation.ts,module import,static import graph,high
src/services/group-safety-service.ts,src/services/platform-guardrail-service.ts,module import,static import graph,high
src/services/group-safety-service.ts,src/upstash-redis.ts,module import,static import graph,high
src/services/knowledge-service.ts,src/framework/contracts.ts,module import,static import graph,high
src/services/knowledge-service.ts,src/platform/validation.ts,module import,static import graph,high
src/services/knowledge-service.ts,src/services/platform-guardrail-service.ts,module import,static import graph,high
src/services/onboarding-service.ts,src/framework/contracts.ts,module import,static import graph,high
src/services/onboarding-service.ts,src/platform/validation.ts,module import,static import graph,high
src/services/onboarding-service.ts,src/services/platform-guardrail-service.ts,module import,static import graph,high
src/services/personalization-service.ts,src/framework/contracts.ts,module import,static import graph,high
src/services/personalization-service.ts,src/platform/validation.ts,module import,static import graph,high
src/services/personalization-service.ts,src/services/platform-guardrail-service.ts,module import,static import graph,high
src/services/platform-guardrail-service.ts,src/framework/contracts.ts,module import,static import graph,high
src/services/platform-guardrail-service.ts,src/platform/guardrails.ts,module import,static import graph,high
src/services/platform-guardrail-service.ts,src/platform/validation.ts,module import,static import graph,high
src/services/scene-service.ts,src/framework/contracts.ts,module import,static import graph,high
src/services/scene-service.ts,src/platform/validation.ts,module import,static import graph,high
src/services/scene-service.ts,src/services/platform-guardrail-service.ts,module import,static import graph,high
src/services/suggestion-relay-service.ts,src/framework/contracts.ts,module import,static import graph,high
src/services/suggestion-relay-service.ts,src/platform/operations.ts,module import,static import graph,high
src/services/suggestion-relay-service.ts,src/platform/validation.ts,module import,static import graph,high
src/services/suggestion-relay-service.ts,src/services/knowledge-service.ts,module import,static import graph,high
src/services/suggestion-relay-service.ts,src/services/platform-guardrail-service.ts,module import,static import graph,high
src/services/suggestion-relay-service.ts,src/services/scene-service.ts,module import,static import graph,high
src/storage.ts,src/config.ts,module import,static import graph,high
src/storage.ts,src/errors.ts,module import,static import graph,high
src/storage.ts,src/logger.ts,module import,static import graph,high
src/upstash-redis.ts,src/framework/contracts.ts,module import,static import graph,high
src/whatsapp.ts,src/config.ts,module import,static import graph,high
src/whatsapp.ts,src/errors.ts,module import,static import graph,high
src/whatsapp.ts,src/framework/contracts.ts,module import,static import graph,high
src/whatsapp.ts,src/logger.ts,module import,static import graph,high
src/whatsapp.ts,src/platform/buttons.ts,module import,static import graph,high
src/whatsapp.ts,src/platform/validation.ts,module import,static import graph,high
src/whatsapp.ts,src/storage.ts,module import,static import graph,high
src/whatsapp.ts,src/upstash-redis.ts,module import,static import graph,high
tests/runtime-acceptance.test.js,"{
    name: 'acceptance-menu-command',
    load(context) {
      context.commands.register({
        name: 'status',
   ",registers plugin,static registration call,high
tests/runtime-acceptance.test.js,"{
    name: 'acceptance-permission',
    load(context) {
      context.commands.register({
        name: 'protected',
  ",registers plugin,static registration call,high
tests/runtime-acceptance.test.js,"{
    name: 'acceptance-rejections',
    load(context) {
      context.commands.register({
        name: 'validated',
  ",registers plugin,static registration call,high
tests/runtime-acceptance.test.js,"{
    name: 'acceptance-runtime',
    load(context) {
      context.commands.register({
        name: 'echo',
        al",registers plugin,static registration call,high
tests/runtime-acceptance.test.js,"{
    name: 'acceptance-stop',
    load(context) {
      context.commands.register({
        name: 'stop-check',
       ",registers plugin,static registration call,high
tests/integration.test.js,"{
    name: 'base-plugin',
    ready() { readyOrder.push('base') },
  }",registers plugin,static registration call,high
tests/integration.test.js,"{
    name: 'dependent-plugin',
    dependencies: ['base-plugin'],
    ready() { readyOrder.push('dependent') },
  }",registers plugin,static registration call,high
tests/integration.test.js,"{
    name: 'fault-isolation',
    load(context) {
      context.commands.register({ name: 'bad', handler: () => { throw",registers plugin,static registration call,high
tests/integration.test.js,"{
    name: 'sample-plugin',
    load(context) {
      lifecycle.push('plugin:load')
      context.commands.register({
 ",registers plugin,static registration call,high
src/index.ts,codebasePlugin,registers plugin,static registration call,high
tests/codebase-export.test.js,codebasePlugin,registers plugin,static registration call,high
tests/afk.test.js,createAfkPlugin(core),registers plugin,static registration call,high
src/index.ts,createAfkPlugin(whatsapp),registers plugin,static registration call,high
tests/xkiro-ai.test.js,"createAiPlugin({
    transport: async () => ({ content: 'jawaban prefix titik' }),
  })",registers plugin,static registration call,high
tests/xkiro-ai.test.js,"createAiPlugin({
    transport: async (input) => {
      calls.push(input)
      return { content: 'jawaban untuk WhatsA",registers plugin,static registration call,high
src/index.ts,createAiPlugin({ fallbackEnabled: config.XKIRO_AI_FALLBACK_ENABLED }),registers plugin,static registration call,high
tests/r11-announcement-suggestion.test.js,createAnnouncementPlugin(fixture.whatsapp),registers plugin,static registration call,high
src/index.ts,createAnnouncementPlugin(whatsapp),registers plugin,static registration call,high
tests/r7-canon.test.js,createCanonPlugin(core),registers plugin,static registration call,high
src/index.ts,createCanonPlugin(whatsapp),registers plugin,static registration call,high
src/index.ts,createCharacterPlugin(whatsapp),registers plugin,static registration call,high
tests/r3-collaboration.test.js,createCollaborationPlugin(core),registers plugin,static registration call,high
src/index.ts,createCollaborationPlugin(whatsapp),registers plugin,static registration call,high
tests/r9-event.test.js,createEventPlugin(core),registers plugin,static registration call,high
src/index.ts,createEventPlugin(whatsapp),registers plugin,static registration call,high
tests/r8-group-governance.test.js,createGroupGovernancePlugin(core),registers plugin,static registration call,high
src/index.ts,createGroupGovernancePlugin(whatsapp),registers plugin,static registration call,high
src/index.ts,createGroupModerationPlugin(whatsapp),registers plugin,static registration call,high
tests/r1-group-safety.test.js,createGroupSafetyPlugin(core),registers plugin,static registration call,high
src/index.ts,createGroupSafetyPlugin(whatsapp),registers plugin,static registration call,high
src/index.ts,createGroupSetupMissionPlugin(whatsapp),registers plugin,static registration call,high
tests/r4-knowledge.test.js,createKnowledgePlugin(core),registers plugin,static registration call,high
src/index.ts,createKnowledgePlugin(whatsapp),registers plugin,static registration call,high
tests/neon-chat-log-control.test.js,createNeonChatLogPlugin({ NEON_CHAT_LOG_ENABLED: false }),registers plugin,static registration call,high
src/index.ts,createNeonChatLogPlugin(config),registers plugin,static registration call,high
tests/neon-chat-log-control.test.js,createNeonChatLogPlugin(pluginConfig()),registers plugin,static registration call,high
tests/r5-personalization.test.js,createPersonalizationPlugin(core),registers plugin,static registration call,high
src/index.ts,createPersonalizationPlugin(whatsapp),registers plugin,static registration call,high
tests/r6-scene.test.js,createScenePlugin(core),registers plugin,static registration call,high
src/index.ts,createScenePlugin(whatsapp),registers plugin,static registration call,high
src/index.ts,createWelcomeLeavePlugin(whatsapp),registers plugin,static registration call,high
src/index.ts,developerModePlugin,registers plugin,static registration call,high
tests/developer-mode.test.js,developerModePlugin,registers plugin,static registration call,high
src/index.ts,diagnosticsPlugin,registers plugin,static registration call,high
tests/integration.test.js,diagnosticsPlugin,registers plugin,static registration call,high
src/index.ts,groupPlugin,registers plugin,static registration call,high
tests/group-configuration.test.js,groupPlugin,registers plugin,static registration call,high
tests/group.test.js,groupPlugin,registers plugin,static registration call,high
tests/integration.test.js,groupPlugin,registers plugin,static registration call,high
tests/permissions.test.js,groupPlugin,registers plugin,static registration call,high
src/index.ts,mediaPlugin,registers plugin,static registration call,high
src/index.ts,menuPlugin,registers plugin,static registration call,high
tests/afk.test.js,menuPlugin,registers plugin,static registration call,high
tests/runtime-acceptance.test.js,menuPlugin,registers plugin,static registration call,high
src/index.ts,onboardingPlugin,registers plugin,static registration call,high
tests/r10-onboarding.test.js,onboardingPlugin,registers plugin,static registration call,high
src/index.ts,suggestionRelayPlugin,registers plugin,static registration call,high
src/index.ts,technicalPlugin,registers plugin,static registration call,high
tests/integration.test.js,technicalPlugin,registers plugin,static registration call,high
src/index.ts,utilityPlugin,registers plugin,static registration call,high
tests/neon-chat-log-control.test.js,"{
    name: 'neon-client',
    isEnabled: true,
    getClient() { return sql },
  }",registers service,static registration call,high
tests/integration.test.js,"{
    name: 'sample-service',
    initialize() { lifecycle.push('service:init') },
    shutdown() { lifecycle.push('serv",registers service,static registration call,high
tests/afk.test.js,afk,registers service,static registration call,high
src/index.ts,AfkService,registers service,static registration call,high
src/index.ts,AnnouncementService,registers service,static registration call,high
tests/r11-announcement-suggestion.test.js,appGuardrails,registers service,static registration call,high
tests/r11-announcement-suggestion.test.js,appService,registers service,static registration call,high
tests/r7-canon.test.js,canon,registers service,static registration call,high
src/index.ts,CanonService,registers service,static registration call,high
src/index.ts,CharacterService,registers service,static registration call,high
tests/r3-collaboration.test.js,collaboration,registers service,static registration call,high
src/index.ts,CollaborationService,registers service,static registration call,high
tests/group.test.js,configuration,registers service,static registration call,high
src/index.ts,DeveloperModeService,registers service,static registration call,high
tests/r9-event.test.js,events,registers service,static registration call,high
src/index.ts,EventService,registers service,static registration call,high
tests/r10-onboarding.test.js,fixture.guardrails,registers service,static registration call,high
tests/r10-onboarding.test.js,fixture.onboarding,registers service,static registration call,high
tests/r8-group-governance.test.js,governance,registers service,static registration call,high
tests/afk.test.js,groupConfiguration,registers service,static registration call,high
src/index.ts,GroupConfigurationService,registers service,static registration call,high
tests/group-configuration.test.js,GroupConfigurationService,registers service,static registration call,high
tests/group.test.js,GroupConfigurationService,registers service,static registration call,high
src/index.ts,GroupGovernanceService,registers service,static registration call,high
src/index.ts,GroupModerationService,registers service,static registration call,high
src/index.ts,GroupSafetyService,registers service,static registration call,high
tests/r1-group-safety.test.js,guardrails,registers service,static registration call,high
tests/r3-collaboration.test.js,guardrails,registers service,static registration call,high
tests/r4-knowledge.test.js,guardrails,registers service,static registration call,high
tests/r5-personalization.test.js,guardrails,registers service,static registration call,high
tests/r6-scene.test.js,guardrails,registers service,static registration call,high
tests/r7-canon.test.js,guardrails,registers service,static registration call,high
tests/r8-group-governance.test.js,guardrails,registers service,static registration call,high
tests/r9-event.test.js,guardrails,registers service,static registration call,high
tests/r4-knowledge.test.js,knowledge,registers service,static registration call,high
tests/r7-canon.test.js,knowledge,registers service,static registration call,high
src/index.ts,KnowledgeService,registers service,static registration call,high
src/index.ts,NeonClientService,registers service,static registration call,high
src/index.ts,OnboardingService,registers service,static registration call,high
tests/r5-personalization.test.js,personalization,registers service,static registration call,high
src/index.ts,PersonalizationService,registers service,static registration call,high
src/index.ts,PlatformGuardrailService,registers service,static registration call,high
tests/neon-chat-log-control.test.js,PlatformGuardrailService,registers service,static registration call,high
src/index.ts,redis,registers service,static registration call,high
tests/r1-group-safety.test.js,safety,registers service,static registration call,high
tests/r6-scene.test.js,scenes,registers service,static registration call,high
src/index.ts,SceneService,registers service,static registration call,high
tests/developer-mode.test.js,service,registers service,static registration call,high
src/index.ts,SuggestionRelayService,registers service,static registration call,high
